../train/Japan/images/Japan_009109.jpg,315,280,599,514,D44
../train/Japan/images/Japan_011949.jpg,1,344,600,600,D20
../train/Japan/images/Japan_002377.jpg,300,363,357,384,D40
../train/Japan/images/Japan_002377.jpg,258,434,385,600,D20
../train/Japan/images/Japan_010370.jpg,377,42,459,239,D00
../train/Japan/images/Japan_010370.jpg,444,254,496,460,D00
../train/Japan/images/Japan_010370.jpg,437,136,568,159,D10
../train/Japan/images/Japan_005947.jpg,320,304,556,451,D44
../train/Japan/images/Japan_005947.jpg,320,360,411,453,D20
../train/Japan/images/Japan_003470.jpg,387,525,440,561,D40
../train/Japan/images/Japan_003470.jpg,319,389,600,600,D20
../train/Japan/images/Japan_007672.jpg,247,446,379,501,D44
../train/Japan/images/Japan_007672.jpg,7,422,392,543,D20
../train/Japan/images/Japan_007672.jpg,504,467,577,485,D50
../train/Japan/images/Japan_011757.jpg,,,,,
../train/Japan/images/Japan_011861.jpg,316,386,597,566,D43
../train/Japan/images/Japan_011861.jpg,362,436,478,600,D00
../train/Japan/images/Japan_000050.jpg,103,252,590,377,D20
../train/Japan/images/Japan_000050.jpg,190,174,244,187,D50
../train/Japan/images/Japan_000050.jpg,14,387,410,464,D10
../train/Japan/images/Japan_000050.jpg,485,385,595,419,D10
../train/Japan/images/Japan_012865.jpg,196,498,268,523,D50
../train/Japan/images/Japan_012865.jpg,499,446,569,465,D50
../train/Japan/images/Japan_007923.jpg,,,,,
../train/Japan/images/Japan_009930.jpg,130,370,291,599,D20
../train/Japan/images/Japan_009930.jpg,310,320,489,466,D20
../train/Japan/images/Japan_009930.jpg,5,313,264,600,D44
../train/Japan/images/Japan_011206.jpg,13,356,600,596,D20
../train/Japan/images/Japan_011206.jpg,112,276,195,369,D44
../train/Japan/images/Japan_009503.jpg,228,392,273,456,D00
../train/Japan/images/Japan_007989.jpg,242,331,468,600,D20
../train/Japan/images/Japan_007989.jpg,127,330,172,394,D00
../train/Japan/images/Japan_007989.jpg,219,408,300,426,D10
../train/Japan/images/Japan_007775.jpg,262,418,341,537,D20
../train/Japan/images/Japan_007775.jpg,97,439,233,539,D00
../train/Japan/images/Japan_007775.jpg,47,426,236,545,D44
../train/Japan/images/Japan_001583.jpg,341,404,509,565,D44
../train/Japan/images/Japan_003068.jpg,320,325,440,583,D44
../train/Japan/images/Japan_003068.jpg,347,365,563,570,D44
../train/Japan/images/Japan_003068.jpg,441,475,475,593,D00
../train/Japan/images/Japan_003068.jpg,221,427,368,454,D10
../train/Japan/images/Japan_003068.jpg,381,426,600,460,D10
../train/Japan/images/Japan_007411.jpg,183,466,251,480,D10
../train/Japan/images/Japan_009172.jpg,261,379,596,508,D20
../train/Japan/images/Japan_010720.jpg,1,295,184,480,D44
../train/Japan/images/Japan_010720.jpg,294,305,544,594,D44
../train/Japan/images/Japan_010720.jpg,26,509,258,600,D20
../train/Japan/images/Japan_009426.jpg,161,337,263,465,D20
../train/Japan/images/Japan_009426.jpg,209,243,270,257,D50
../train/Japan/images/Japan_009426.jpg,342,223,401,237,D50
../train/Japan/images/Japan_009426.jpg,154,488,347,533,D10
../train/Japan/images/Japan_001855.jpg,466,458,525,475,D50
../train/Japan/images/Japan_009253.jpg,307,477,366,507,D50
../train/Japan/images/Japan_010191.jpg,275,355,640,538,D40
../train/Japan/images/Japan_000649.jpg,1,377,146,476,D44
../train/Japan/images/Japan_000649.jpg,399,386,506,516,D44
../train/Japan/images/Japan_000649.jpg,132,420,200,472,D00
../train/Japan/images/Japan_000649.jpg,497,516,572,599,D00
../train/Japan/images/Japan_000649.jpg,8,465,138,485,D10
../train/Japan/images/Japan_000649.jpg,484,414,568,467,D00
../train/Japan/images/Japan_004075.jpg,351,445,397,487,D40
../train/Japan/images/Japan_004075.jpg,436,425,600,507,D20
../train/Japan/images/Japan_004075.jpg,117,404,137,413,D50
../train/Japan/images/Japan_004075.jpg,238,370,274,379,D50
../train/Japan/images/Japan_003023.jpg,130,413,174,522,D00
../train/Japan/images/Japan_000447.jpg,98,381,328,417,D10
../train/Japan/images/Japan_000447.jpg,328,399,462,422,D10
../train/Japan/images/Japan_006431.jpg,253,350,571,600,D20
../train/Japan/images/Japan_006431.jpg,253,356,297,368,D50
../train/Japan/images/Japan_012159.jpg,280,427,324,449,D50
../train/Japan/images/Japan_012159.jpg,410,384,452,400,D50
../train/Japan/images/Japan_012159.jpg,217,492,287,600,D20
../train/Japan/images/Japan_012159.jpg,372,478,600,597,D00
../train/Japan/images/Japan_012159.jpg,383,560,529,581,D10
../train/Japan/images/Japan_004359.jpg,163,434,253,553,D44
../train/Japan/images/Japan_009445.jpg,1,379,93,503,D50
../train/Japan/images/Japan_009445.jpg,58,466,138,494,D10
../train/Japan/images/Japan_009445.jpg,488,229,598,347,D00
../train/Japan/images/Japan_007742.jpg,,,,,
../train/Japan/images/Japan_002058.jpg,1,372,438,599,D20
../train/Japan/images/Japan_002058.jpg,277,363,321,373,D50
../train/Japan/images/Japan_010157.jpg,291,234,600,490,D44
../train/Japan/images/Japan_010157.jpg,298,287,390,468,D00
../train/Japan/images/Japan_010157.jpg,475,500,600,530,D10
../train/Japan/images/Japan_010157.jpg,400,373,516,405,D10
../train/Japan/images/Japan_009592.jpg,,,,,
../train/Japan/images/Japan_002760.jpg,172,397,282,440,D50
../train/Japan/images/Japan_002760.jpg,183,315,318,332,D10
../train/Japan/images/Japan_002760.jpg,183,368,348,383,D10
../train/Japan/images/Japan_002760.jpg,285,404,370,419,D10
../train/Japan/images/Japan_002760.jpg,9,408,169,430,D10
../train/Japan/images/Japan_012047.jpg,17,408,464,600,D20
../train/Japan/images/Japan_012047.jpg,3,495,59,523,D50
../train/Japan/images/Japan_012047.jpg,147,379,204,406,D50
../train/Japan/images/Japan_009730.jpg,202,496,265,545,D40
../train/Japan/images/Japan_009730.jpg,187,422,218,452,D40
../train/Japan/images/Japan_009730.jpg,139,402,182,415,D50
../train/Japan/images/Japan_009730.jpg,149,589,186,600,D50
../train/Japan/images/Japan_009730.jpg,185,351,215,367,D40
../train/Japan/images/Japan_006931.jpg,1,301,163,499,D44
../train/Japan/images/Japan_006931.jpg,156,315,289,406,D20
../train/Japan/images/Japan_006931.jpg,7,445,82,465,D10
../train/Japan/images/Japan_005468.jpg,420,403,600,517,D44
../train/Japan/images/Japan_005468.jpg,52,432,200,558,D44
../train/Japan/images/Japan_005468.jpg,365,408,400,417,D50
../train/Japan/images/Japan_005468.jpg,296,392,341,399,D50
../train/Japan/images/Japan_005468.jpg,301,379,339,390,D50
../train/Japan/images/Japan_007337.jpg,354,383,600,550,D44
../train/Japan/images/Japan_007337.jpg,65,393,441,583,D20
../train/Japan/images/Japan_007337.jpg,19,552,120,574,D10
../train/Japan/images/Japan_007337.jpg,409,492,545,515,D10
../train/Japan/images/Japan_007337.jpg,455,555,600,585,D10
../train/Japan/images/Japan_004889.jpg,450,572,503,600,D40
../train/Japan/images/Japan_004889.jpg,339,424,405,446,D50
../train/Japan/images/Japan_004889.jpg,310,404,443,470,D20
../train/Japan/images/Japan_004889.jpg,394,463,572,599,D20
../train/Japan/images/Japan_004889.jpg,156,416,290,435,D10
../train/Japan/images/Japan_004889.jpg,238,432,325,454,D10
../train/Japan/images/Japan_008715.jpg,,,,,
../train/Japan/images/Japan_009249.jpg,96,327,460,600,D20
../train/Japan/images/Japan_012645.jpg,254,491,316,567,D20
../train/Japan/images/Japan_012645.jpg,344,482,477,600,D20
../train/Japan/images/Japan_000160.jpg,133,384,200,416,D50
../train/Japan/images/Japan_000160.jpg,126,437,173,457,D50
../train/Japan/images/Japan_000160.jpg,248,555,396,592,D50
../train/Japan/images/Japan_000160.jpg,342,330,582,501,D44
../train/Japan/images/Japan_000160.jpg,88,288,212,384,D44
../train/Japan/images/Japan_000160.jpg,1,402,109,526,D44
../train/Japan/images/Japan_000234.jpg,215,504,255,584,D00
../train/Japan/images/Japan_000234.jpg,526,541,559,584,D00
../train/Japan/images/Japan_009733.jpg,179,563,288,600,D40
../train/Japan/images/Japan_009733.jpg,48,418,508,600,D20
../train/Japan/images/Japan_009733.jpg,241,375,281,390,D50
../train/Japan/images/Japan_011343.jpg,197,440,331,489,D50
../train/Japan/images/Japan_011343.jpg,253,320,307,340,D50
../train/Japan/images/Japan_011343.jpg,212,314,240,325,D50
../train/Japan/images/Japan_003054.jpg,367,470,404,522,D00
../train/Japan/images/Japan_003054.jpg,383,349,431,368,D00
../train/Japan/images/Japan_003054.jpg,313,375,335,434,D00
../train/Japan/images/Japan_003760.jpg,182,405,600,591,D20
../train/Japan/images/Japan_003760.jpg,231,357,359,382,D10
../train/Japan/images/Japan_003760.jpg,308,290,370,357,D20
../train/Japan/images/Japan_007544.jpg,150,273,333,600,D20
../train/Japan/images/Japan_007544.jpg,66,249,223,592,D44
../train/Japan/images/Japan_007544.jpg,367,421,600,453,D10
../train/Japan/images/Japan_007544.jpg,257,326,437,350,D10
../train/Japan/images/Japan_009575.jpg,88,189,340,418,D20
../train/Japan/images/Japan_009575.jpg,323,188,600,221,D10
../train/Japan/images/Japan_009575.jpg,340,157,448,176,D10
../train/Japan/images/Japan_009116.jpg,159,307,244,329,D50
../train/Japan/images/Japan_009116.jpg,105,385,200,466,D00
../train/Japan/images/Japan_003923.jpg,,,,,
../train/Japan/images/Japan_003260.jpg,250,344,310,365,D50
../train/Japan/images/Japan_003260.jpg,426,395,471,409,D50
../train/Japan/images/Japan_004116.jpg,297,411,600,600,D20
../train/Japan/images/Japan_004013.jpg,,,,,
../train/Japan/images/Japan_004808.jpg,357,315,597,554,D44
../train/Japan/images/Japan_002472.jpg,381,370,561,599,D44
../train/Japan/images/Japan_002472.jpg,6,390,156,599,D20
../train/Japan/images/Japan_007906.jpg,97,311,600,464,D43
../train/Japan/images/Japan_011213.jpg,340,465,403,500,D40
../train/Japan/images/Japan_011213.jpg,340,441,391,461,D40
../train/Japan/images/Japan_011213.jpg,359,502,468,600,D20
../train/Japan/images/Japan_000193.jpg,122,378,453,427,D10
../train/Japan/images/Japan_000193.jpg,184,283,262,369,D20
../train/Japan/images/Japan_005946.jpg,1,220,36,236,D50
../train/Japan/images/Japan_005946.jpg,500,305,550,321,D10
../train/Japan/images/Japan_005946.jpg,574,220,600,232,D10
../train/Japan/images/Japan_002212.jpg,363,323,600,541,D44
../train/Japan/images/Japan_002212.jpg,31,279,240,570,D20
../train/Japan/images/Japan_002212.jpg,1,368,125,393,D10
../train/Japan/images/Japan_002212.jpg,487,332,523,345,D50
../train/Japan/images/Japan_002212.jpg,283,300,312,309,D50
../train/Japan/images/Japan_009159.jpg,22,427,215,500,D20
../train/Japan/images/Japan_009159.jpg,226,431,578,541,D20
../train/Japan/images/Japan_009159.jpg,4,488,94,600,D20
../train/Japan/images/Japan_003849.jpg,1,365,313,600,D20
../train/Japan/images/Japan_005676.jpg,414,97,523,229,D00
../train/Japan/images/Japan_005676.jpg,34,335,591,405,D10
../train/Japan/images/Japan_005676.jpg,576,272,600,306,D00
../train/Japan/images/Japan_009737.jpg,4,480,278,560,D40
../train/Japan/images/Japan_007412.jpg,252,372,511,600,D44
../train/Japan/images/Japan_007412.jpg,264,444,334,466,D50
../train/Japan/images/Japan_007412.jpg,484,467,598,559,D20
../train/Japan/images/Japan_012304.jpg,300,439,420,590,D20
../train/Japan/images/Japan_012304.jpg,68,512,138,600,D00
../train/Japan/images/Japan_012304.jpg,106,554,304,587,D10
../train/Japan/images/Japan_007432.jpg,288,346,524,600,D44
../train/Japan/images/Japan_007432.jpg,41,371,131,394,D50
../train/Japan/images/Japan_007432.jpg,388,449,475,485,D00
../train/Japan/images/Japan_012727.jpg,359,509,463,591,D00
../train/Japan/images/Japan_012727.jpg,519,559,600,585,D10
../train/Japan/images/Japan_012727.jpg,200,531,449,561,D10
../train/Japan/images/Japan_011199.jpg,250,547,300,568,D50
../train/Japan/images/Japan_012610.jpg,27,389,76,477,D00
../train/Japan/images/Japan_006500.jpg,171,540,227,599,D00
../train/Japan/images/Japan_005699.jpg,424,127,595,356,D20
../train/Japan/images/Japan_006919.jpg,72,405,288,473,D20
../train/Japan/images/Japan_006919.jpg,248,368,291,377,D50
../train/Japan/images/Japan_006919.jpg,292,422,488,495,D20
../train/Japan/images/Japan_001096.jpg,24,335,333,495,D20
../train/Japan/images/Japan_001096.jpg,304,384,462,460,D50
../train/Japan/images/Japan_001096.jpg,454,431,598,465,D10
../train/Japan/images/Japan_001096.jpg,439,370,591,414,D20
../train/Japan/images/Japan_011113.jpg,,,,,
../train/Japan/images/Japan_004406.jpg,103,353,328,385,D10
../train/Japan/images/Japan_003436.jpg,154,451,600,593,D20
../train/Japan/images/Japan_003436.jpg,505,412,557,427,D50
../train/Japan/images/Japan_003436.jpg,301,391,410,440,D20
../train/Japan/images/Japan_003436.jpg,187,352,230,364,D50
../train/Japan/images/Japan_001489.jpg,284,489,325,503,D50
../train/Japan/images/Japan_001489.jpg,349,355,368,368,D40
../train/Japan/images/Japan_003844.jpg,1,494,169,600,D20
../train/Japan/images/Japan_003844.jpg,86,400,204,493,D20
../train/Japan/images/Japan_003844.jpg,282,439,600,599,D20
../train/Japan/images/Japan_003844.jpg,50,554,88,588,D40
../train/Japan/images/Japan_013049.jpg,267,327,359,599,D44
../train/Japan/images/Japan_013049.jpg,228,534,594,600,D20
../train/Japan/images/Japan_013049.jpg,405,428,597,508,D20
../train/Japan/images/Japan_013049.jpg,396,376,499,391,D10
../train/Japan/images/Japan_011279.jpg,357,454,466,510,D40
../train/Japan/images/Japan_011279.jpg,225,445,362,526,D20
../train/Japan/images/Japan_011279.jpg,227,575,330,600,D10
../train/Japan/images/Japan_011279.jpg,511,556,547,600,D00
../train/Japan/images/Japan_011279.jpg,469,488,528,535,D00
../train/Japan/images/Japan_001135.jpg,,,,,
../train/Japan/images/Japan_000503.jpg,383,380,596,584,D44
../train/Japan/images/Japan_000503.jpg,215,466,457,599,D44
../train/Japan/images/Japan_010866.jpg,76,497,147,600,D00
../train/Japan/images/Japan_010866.jpg,523,481,600,524,D00
../train/Japan/images/Japan_004183.jpg,365,520,600,600,D20
../train/Japan/images/Japan_004183.jpg,248,495,359,548,D50
../train/Japan/images/Japan_004183.jpg,42,473,84,488,D50
../train/Japan/images/Japan_004183.jpg,355,394,377,404,D50
../train/Japan/images/Japan_004183.jpg,46,489,118,517,D10
../train/Japan/images/Japan_004183.jpg,181,565,277,590,D10
../train/Japan/images/Japan_008527.jpg,405,490,453,591,D00
../train/Japan/images/Japan_006700.jpg,17,565,53,600,D40
../train/Japan/images/Japan_006700.jpg,356,440,416,461,D50
../train/Japan/images/Japan_006700.jpg,138,440,246,600,D20
../train/Japan/images/Japan_005425.jpg,365,117,565,251,D00
../train/Japan/images/Japan_005425.jpg,421,277,459,346,D00
../train/Japan/images/Japan_005425.jpg,100,299,583,358,D10
../train/Japan/images/Japan_011123.jpg,397,439,579,571,D44
../train/Japan/images/Japan_011958.jpg,7,436,176,593,D20
../train/Japan/images/Japan_011958.jpg,152,314,208,370,D20
../train/Japan/images/Japan_011958.jpg,242,320,485,432,D20
../train/Japan/images/Japan_011958.jpg,437,496,507,522,D50
../train/Japan/images/Japan_002213.jpg,293,486,597,600,D20
../train/Japan/images/Japan_002213.jpg,77,409,203,503,D20
../train/Japan/images/Japan_012182.jpg,124,401,275,599,D20
../train/Japan/images/Japan_012182.jpg,346,397,569,595,D20
../train/Japan/images/Japan_012430.jpg,404,211,554,469,D20
../train/Japan/images/Japan_012430.jpg,398,88,537,178,D40
../train/Japan/images/Japan_011331.jpg,288,553,371,574,D10
../train/Japan/images/Japan_011331.jpg,10,409,125,431,D10
../train/Japan/images/Japan_001877.jpg,354,309,600,504,D44
../train/Japan/images/Japan_001877.jpg,1,291,187,519,D44
../train/Japan/images/Japan_001877.jpg,218,407,263,484,D00
../train/Japan/images/Japan_002398.jpg,1,424,247,600,D20
../train/Japan/images/Japan_001881.jpg,298,153,378,177,D50
../train/Japan/images/Japan_001881.jpg,71,361,127,451,D00
../train/Japan/images/Japan_001881.jpg,200,438,410,492,D10
../train/Japan/images/Japan_001881.jpg,355,339,409,397,D00
../train/Japan/images/Japan_001881.jpg,333,312,454,334,D10
../train/Japan/images/Japan_001881.jpg,458,428,600,462,D10
../train/Japan/images/Japan_004705.jpg,122,355,399,503,D20
../train/Japan/images/Japan_008394.jpg,41,355,392,598,D20
../train/Japan/images/Japan_008394.jpg,416,407,597,596,D20
../train/Japan/images/Japan_006104.jpg,1,479,578,595,D20
../train/Japan/images/Japan_006104.jpg,435,426,478,443,D40
../train/Japan/images/Japan_006104.jpg,45,468,73,478,D50
../train/Japan/images/Japan_006104.jpg,235,393,352,430,D44
../train/Japan/images/Japan_000455.jpg,35,300,158,413,D20
../train/Japan/images/Japan_000455.jpg,351,468,597,508,D10
../train/Japan/images/Japan_000455.jpg,503,342,600,364,D10
../train/Japan/images/Japan_005783.jpg,1,319,273,600,D20
../train/Japan/images/Japan_005783.jpg,404,320,514,364,D20
../train/Japan/images/Japan_012367.jpg,,,,,
../train/Japan/images/Japan_000834.jpg,157,422,335,589,D20
../train/Japan/images/Japan_000834.jpg,352,439,378,472,D00
../train/Japan/images/Japan_000834.jpg,452,473,600,504,D10
../train/Japan/images/Japan_000834.jpg,465,393,576,468,D20
../train/Japan/images/Japan_010528.jpg,1,399,325,600,D20
../train/Japan/images/Japan_010528.jpg,199,361,234,382,D40
../train/Japan/images/Japan_010528.jpg,112,362,161,384,D40
../train/Japan/images/Japan_010528.jpg,168,332,211,343,D50
../train/Japan/images/Japan_002749.jpg,314,42,540,312,D20
../train/Japan/images/Japan_002749.jpg,1,90,238,523,D20
../train/Japan/images/Japan_002672.jpg,201,429,600,600,D20
../train/Japan/images/Japan_006900.jpg,170,457,447,600,D20
../train/Japan/images/Japan_004067.jpg,320,343,428,471,D00
../train/Japan/images/Japan_007269.jpg,255,313,311,326,D50
../train/Japan/images/Japan_008368.jpg,354,325,573,600,D44
../train/Japan/images/Japan_008368.jpg,102,334,204,420,D20
../train/Japan/images/Japan_008368.jpg,61,503,209,528,D10
../train/Japan/images/Japan_003575.jpg,311,165,585,554,D20
../train/Japan/images/Japan_003575.jpg,14,147,262,563,D20
../train/Japan/images/Japan_003575.jpg,189,448,377,486,D10
../train/Japan/images/Japan_003575.jpg,245,255,339,274,D10
../train/Japan/images/Japan_004874.jpg,11,102,533,438,D20
../train/Japan/images/Japan_002134.jpg,211,124,477,170,D43
../train/Japan/images/Japan_002134.jpg,287,263,402,535,D20
../train/Japan/images/Japan_009560.jpg,23,149,576,487,D43
../train/Japan/images/Japan_009560.jpg,253,22,418,201,D20
../train/Japan/images/Japan_000038.jpg,,,,,
../train/Japan/images/Japan_004602.jpg,331,369,600,600,D44
../train/Japan/images/Japan_004602.jpg,224,342,454,600,D20
../train/Japan/images/Japan_004602.jpg,97,325,209,436,D20
../train/Japan/images/Japan_006028.jpg,27,384,155,511,D20
../train/Japan/images/Japan_006028.jpg,403,442,518,462,D10
../train/Japan/images/Japan_006028.jpg,323,444,370,453,D10
../train/Japan/images/Japan_006028.jpg,334,472,385,484,D10
../train/Japan/images/Japan_006468.jpg,330,143,351,183,D40
../train/Japan/images/Japan_000183.jpg,,,,,
../train/Japan/images/Japan_005782.jpg,,,,,
../train/Japan/images/Japan_010587.jpg,145,421,250,496,D20
../train/Japan/images/Japan_010587.jpg,295,564,344,585,D50
../train/Japan/images/Japan_010587.jpg,401,400,445,411,D50
../train/Japan/images/Japan_004658.jpg,283,309,563,554,D20
../train/Japan/images/Japan_004658.jpg,153,566,332,600,D50
../train/Japan/images/Japan_000241.jpg,,,,,
../train/Japan/images/Japan_011330.jpg,313,362,342,435,D44
../train/Japan/images/Japan_011330.jpg,503,459,600,538,D20
../train/Japan/images/Japan_011330.jpg,96,487,251,504,D10
../train/Japan/images/Japan_011330.jpg,188,446,269,465,D10
../train/Japan/images/Japan_011330.jpg,194,406,281,420,D10
../train/Japan/images/Japan_011330.jpg,348,354,419,366,D10
../train/Japan/images/Japan_003693.jpg,12,222,580,497,D20
../train/Japan/images/Japan_009183.jpg,206,347,241,392,D00
../train/Japan/images/Japan_003895.jpg,150,393,294,574,D00
../train/Japan/images/Japan_003895.jpg,324,404,548,431,D10
../train/Japan/images/Japan_003895.jpg,318,456,561,476,D10
../train/Japan/images/Japan_004575.jpg,390,255,600,500,D44
../train/Japan/images/Japan_005813.jpg,1,412,586,480,D43
../train/Japan/images/Japan_005813.jpg,307,366,372,424,D20
../train/Japan/images/Japan_003493.jpg,12,359,168,448,D20
../train/Japan/images/Japan_003493.jpg,290,571,412,600,D50
../train/Japan/images/Japan_003493.jpg,381,525,522,594,D20
../train/Japan/images/Japan_003493.jpg,152,283,223,424,D20
../train/Japan/images/Japan_007021.jpg,192,339,250,356,D50
../train/Japan/images/Japan_007021.jpg,95,412,414,546,D20
../train/Japan/images/Japan_007021.jpg,93,330,123,468,D00
../train/Japan/images/Japan_007021.jpg,7,457,110,479,D10
../train/Japan/images/Japan_004661.jpg,61,407,600,600,D20
../train/Japan/images/Japan_004661.jpg,8,562,165,599,D10
../train/Japan/images/Japan_004661.jpg,410,446,600,481,D10
../train/Japan/images/Japan_004661.jpg,465,510,570,544,D10
../train/Japan/images/Japan_004661.jpg,341,368,444,393,D10
../train/Japan/images/Japan_004661.jpg,103,398,352,478,D20
../train/Japan/images/Japan_004661.jpg,152,377,238,393,D10
../train/Japan/images/Japan_011254.jpg,2,408,158,523,D20
../train/Japan/images/Japan_011254.jpg,429,378,558,402,D10
../train/Japan/images/Japan_011254.jpg,473,471,524,510,D00
../train/Japan/images/Japan_011254.jpg,311,497,330,531,D00
../train/Japan/images/Japan_011254.jpg,259,329,281,379,D00
../train/Japan/images/Japan_012860.jpg,251,422,346,590,D20
../train/Japan/images/Japan_012860.jpg,351,461,430,543,D20
../train/Japan/images/Japan_012860.jpg,194,477,287,492,D10
../train/Japan/images/Japan_012860.jpg,201,463,274,477,D10
../train/Japan/images/Japan_010350.jpg,267,388,311,425,D40
../train/Japan/images/Japan_010350.jpg,76,42,266,263,D20
../train/Japan/images/Japan_010350.jpg,60,264,536,540,D20
../train/Japan/images/Japan_010350.jpg,281,157,540,191,D10
../train/Japan/images/Japan_009582.jpg,352,451,420,476,D50
../train/Japan/images/Japan_009582.jpg,261,436,600,600,D20
../train/Japan/images/Japan_009582.jpg,3,556,93,600,D20
../train/Japan/images/Japan_007180.jpg,522,444,596,581,D00
../train/Japan/images/Japan_010481.jpg,50,366,231,581,D20
../train/Japan/images/Japan_005600.jpg,163,364,304,600,D20
../train/Japan/images/Japan_005600.jpg,320,400,599,600,D20
../train/Japan/images/Japan_005600.jpg,31,447,195,500,D20
../train/Japan/images/Japan_007776.jpg,1,402,329,600,D20
../train/Japan/images/Japan_007776.jpg,410,395,460,412,D50
../train/Japan/images/Japan_003890.jpg,1,24,151,322,D20
../train/Japan/images/Japan_003890.jpg,257,50,540,326,D20
../train/Japan/images/Japan_008156.jpg,495,522,554,557,D40
../train/Japan/images/Japan_008156.jpg,121,363,271,563,D20
../train/Japan/images/Japan_008156.jpg,274,360,323,377,D50
../train/Japan/images/Japan_008156.jpg,397,471,442,534,D00
../train/Japan/images/Japan_005084.jpg,320,172,600,381,D44
../train/Japan/images/Japan_005084.jpg,342,271,366,340,D00
../train/Japan/images/Japan_011089.jpg,5,145,249,449,D44
../train/Japan/images/Japan_011089.jpg,423,276,596,415,D20
../train/Japan/images/Japan_003204.jpg,363,415,569,600,D20
../train/Japan/images/Japan_010047.jpg,199,282,284,364,D20
../train/Japan/images/Japan_012539.jpg,529,506,594,532,D40
../train/Japan/images/Japan_005185.jpg,1,175,200,513,D20
../train/Japan/images/Japan_009742.jpg,66,469,269,555,D20
../train/Japan/images/Japan_009742.jpg,7,153,600,452,D20
../train/Japan/images/Japan_006731.jpg,461,537,518,592,D40
../train/Japan/images/Japan_006731.jpg,126,387,192,403,D50
../train/Japan/images/Japan_006731.jpg,402,363,454,379,D50
../train/Japan/images/Japan_006731.jpg,130,484,199,531,D20
../train/Japan/images/Japan_008938.jpg,86,405,191,584,D00
../train/Japan/images/Japan_008938.jpg,434,388,502,478,D00
../train/Japan/images/Japan_008938.jpg,241,342,261,387,D00
../train/Japan/images/Japan_010691.jpg,311,446,464,587,D44
../train/Japan/images/Japan_010691.jpg,194,505,220,586,D00
../train/Japan/images/Japan_010705.jpg,8,401,185,589,D20
../train/Japan/images/Japan_010705.jpg,367,427,397,438,D50
../train/Japan/images/Japan_010705.jpg,22,480,72,513,D40
../train/Japan/images/Japan_002690.jpg,221,362,251,383,D40
../train/Japan/images/Japan_002690.jpg,23,384,390,600,D20
../train/Japan/images/Japan_002690.jpg,242,364,298,386,D50
../train/Japan/images/Japan_002690.jpg,558,464,600,494,D50
../train/Japan/images/Japan_002690.jpg,143,327,199,350,D50
../train/Japan/images/Japan_002690.jpg,176,276,294,296,D10
../train/Japan/images/Japan_002690.jpg,68,357,190,379,D10
../train/Japan/images/Japan_008837.jpg,234,419,290,533,D00
../train/Japan/images/Japan_008837.jpg,98,400,147,475,D00
../train/Japan/images/Japan_008837.jpg,133,505,179,549,D00
../train/Japan/images/Japan_008837.jpg,292,545,369,597,D00
../train/Japan/images/Japan_008837.jpg,485,406,550,427,D50
../train/Japan/images/Japan_008837.jpg,321,499,381,511,D10
../train/Japan/images/Japan_007898.jpg,27,315,244,562,D20
../train/Japan/images/Japan_007898.jpg,245,550,445,579,D10
../train/Japan/images/Japan_007898.jpg,554,439,600,479,D00
../train/Japan/images/Japan_009917.jpg,219,363,331,600,D20
../train/Japan/images/Japan_009917.jpg,1,386,154,586,D20
../train/Japan/images/Japan_010792.jpg,,,,,
../train/Japan/images/Japan_008441.jpg,355,446,480,543,D20
../train/Japan/images/Japan_008441.jpg,52,547,297,592,D10
../train/Japan/images/Japan_003579.jpg,346,540,497,575,D10
../train/Japan/images/Japan_012811.jpg,3,295,239,489,D44
../train/Japan/images/Japan_012811.jpg,197,373,250,507,D00
../train/Japan/images/Japan_012811.jpg,293,349,374,381,D10
../train/Japan/images/Japan_002174.jpg,54,437,514,568,D43
../train/Japan/images/Japan_002174.jpg,297,426,375,444,D50
../train/Japan/images/Japan_000217.jpg,95,431,600,535,D43
../train/Japan/images/Japan_000217.jpg,249,421,294,431,D50
../train/Japan/images/Japan_000217.jpg,353,445,430,464,D50
../train/Japan/images/Japan_007284.jpg,27,430,250,463,D10
../train/Japan/images/Japan_005396.jpg,216,382,385,496,D44
../train/Japan/images/Japan_005396.jpg,273,342,302,376,D00
../train/Japan/images/Japan_009658.jpg,46,343,250,526,D20
../train/Japan/images/Japan_009658.jpg,313,342,550,600,D44
../train/Japan/images/Japan_005461.jpg,141,427,227,600,D00
../train/Japan/images/Japan_007991.jpg,126,325,176,343,D50
../train/Japan/images/Japan_007991.jpg,324,352,501,393,D10
../train/Japan/images/Japan_007055.jpg,428,389,599,467,D20
../train/Japan/images/Japan_007055.jpg,1,478,231,600,D20
../train/Japan/images/Japan_007055.jpg,371,377,419,391,D50
../train/Japan/images/Japan_007055.jpg,153,339,195,352,D50
../train/Japan/images/Japan_001249.jpg,339,312,600,532,D44
../train/Japan/images/Japan_001249.jpg,152,371,205,482,D00
../train/Japan/images/Japan_001249.jpg,304,427,349,509,D00
../train/Japan/images/Japan_001249.jpg,245,306,263,361,D00
../train/Japan/images/Japan_001039.jpg,169,316,245,329,D10
../train/Japan/images/Japan_001039.jpg,458,203,598,402,D00
../train/Japan/images/Japan_001039.jpg,354,199,396,276,D20
../train/Japan/images/Japan_001039.jpg,385,228,499,250,D10
../train/Japan/images/Japan_002434.jpg,323,379,370,396,D50
../train/Japan/images/Japan_002434.jpg,3,362,600,600,D20
../train/Japan/images/Japan_002434.jpg,117,262,327,349,D20
../train/Japan/images/Japan_000017.jpg,144,530,228,592,D40
../train/Japan/images/Japan_000017.jpg,238,534,317,564,D40
../train/Japan/images/Japan_000017.jpg,320,353,600,600,D20
../train/Japan/images/Japan_000017.jpg,61,366,202,508,D20
../train/Japan/images/Japan_000017.jpg,191,561,330,600,D50
../train/Japan/images/Japan_006336.jpg,266,389,574,597,D20
../train/Japan/images/Japan_007617.jpg,402,392,527,577,D00
../train/Japan/images/Japan_007617.jpg,327,398,376,529,D00
../train/Japan/images/Japan_007617.jpg,551,513,600,546,D00
../train/Japan/images/Japan_003880.jpg,1,396,287,600,D20
../train/Japan/images/Japan_012331.jpg,155,320,407,573,D20
../train/Japan/images/Japan_012331.jpg,1,346,163,570,D44
../train/Japan/images/Japan_012331.jpg,163,338,185,413,D00
../train/Japan/images/Japan_000375.jpg,81,363,236,545,D44
../train/Japan/images/Japan_000375.jpg,0,503,96,533,D10
../train/Japan/images/Japan_009518.jpg,88,360,172,384,D50
../train/Japan/images/Japan_009518.jpg,249,365,335,384,D10
../train/Japan/images/Japan_004709.jpg,291,298,339,597,D44
../train/Japan/images/Japan_004709.jpg,211,443,462,487,D10
../train/Japan/images/Japan_004709.jpg,468,472,600,493,D10
../train/Japan/images/Japan_004709.jpg,446,485,499,600,D00
../train/Japan/images/Japan_004709.jpg,525,337,594,366,D20
../train/Japan/images/Japan_007084.jpg,177,405,288,522,D20
../train/Japan/images/Japan_005530.jpg,253,390,425,600,D20
../train/Japan/images/Japan_005530.jpg,419,559,562,579,D10
../train/Japan/images/Japan_005815.jpg,397,420,483,449,D40
../train/Japan/images/Japan_005815.jpg,509,549,556,579,D40
../train/Japan/images/Japan_005815.jpg,393,466,525,518,D40
../train/Japan/images/Japan_005815.jpg,280,395,583,598,D20
../train/Japan/images/Japan_005815.jpg,126,503,210,600,D20
../train/Japan/images/Japan_005815.jpg,298,538,346,582,D40
../train/Japan/images/Japan_005815.jpg,297,586,366,600,D40
../train/Japan/images/Japan_007319.jpg,,,,,
../train/Japan/images/Japan_006306.jpg,181,367,245,460,D00
../train/Japan/images/Japan_006306.jpg,259,353,346,410,D00
../train/Japan/images/Japan_006306.jpg,137,481,156,557,D00
../train/Japan/images/Japan_009882.jpg,449,408,489,431,D40
../train/Japan/images/Japan_009882.jpg,406,366,600,532,D20
../train/Japan/images/Japan_008644.jpg,329,443,497,579,D20
../train/Japan/images/Japan_008644.jpg,1,354,168,490,D44
../train/Japan/images/Japan_008644.jpg,289,465,380,599,D44
../train/Japan/images/Japan_008644.jpg,131,431,213,446,D10
../train/Japan/images/Japan_011260.jpg,94,424,172,554,D20
../train/Japan/images/Japan_011260.jpg,486,478,600,494,D10
../train/Japan/images/Japan_011260.jpg,426,355,494,368,D10
../train/Japan/images/Japan_004933.jpg,412,160,473,289,D00
../train/Japan/images/Japan_004933.jpg,272,150,453,197,D10
../train/Japan/images/Japan_004933.jpg,471,173,600,203,D10
../train/Japan/images/Japan_004933.jpg,89,121,192,494,D44
../train/Japan/images/Japan_004933.jpg,515,437,600,468,D10
../train/Japan/images/Japan_004933.jpg,421,252,600,292,D10
../train/Japan/images/Japan_007186.jpg,265,374,600,600,D20
../train/Japan/images/Japan_009467.jpg,410,309,600,473,D44
../train/Japan/images/Japan_009467.jpg,465,226,525,241,D50
../train/Japan/images/Japan_009467.jpg,349,206,406,222,D50
../train/Japan/images/Japan_006972.jpg,208,393,272,469,D20
../train/Japan/images/Japan_006972.jpg,392,449,438,466,D50
../train/Japan/images/Japan_006972.jpg,305,410,341,417,D50
../train/Japan/images/Japan_011933.jpg,271,396,600,555,D20
../train/Japan/images/Japan_011933.jpg,153,521,283,583,D50
../train/Japan/images/Japan_011933.jpg,10,445,233,543,D44
../train/Japan/images/Japan_011933.jpg,1,401,186,463,D20
../train/Japan/images/Japan_009490.jpg,6,448,177,600,D20
../train/Japan/images/Japan_009490.jpg,304,440,483,584,D20
../train/Japan/images/Japan_009490.jpg,388,565,451,588,D40
../train/Japan/images/Japan_000184.jpg,304,405,345,439,D40
../train/Japan/images/Japan_000184.jpg,479,520,520,565,D40
../train/Japan/images/Japan_000184.jpg,1,376,600,600,D20
../train/Japan/images/Japan_000184.jpg,386,471,479,512,D50
../train/Japan/images/Japan_008528.jpg,38,432,221,559,D00
../train/Japan/images/Japan_008528.jpg,248,433,312,446,D50
../train/Japan/images/Japan_008528.jpg,240,409,287,421,D50
../train/Japan/images/Japan_008528.jpg,449,428,496,434,D50
../train/Japan/images/Japan_008528.jpg,436,416,473,424,D50
../train/Japan/images/Japan_012177.jpg,368,421,420,582,D00
../train/Japan/images/Japan_012177.jpg,519,351,568,373,D50
../train/Japan/images/Japan_012177.jpg,202,443,362,476,D10
../train/Japan/images/Japan_012177.jpg,344,380,387,466,D00
../train/Japan/images/Japan_013029.jpg,364,406,476,439,D40
../train/Japan/images/Japan_004656.jpg,360,335,506,362,D10
../train/Japan/images/Japan_006636.jpg,,,,,
../train/Japan/images/Japan_010302.jpg,487,430,600,567,D44
../train/Japan/images/Japan_010302.jpg,183,388,600,600,D20
../train/Japan/images/Japan_001848.jpg,30,360,593,598,D43
../train/Japan/images/Japan_007939.jpg,148,519,190,567,D00
../train/Japan/images/Japan_007939.jpg,1,441,203,589,D44
../train/Japan/images/Japan_007939.jpg,225,467,274,530,D00
../train/Japan/images/Japan_007939.jpg,460,526,549,586,D00
../train/Japan/images/Japan_005940.jpg,232,376,351,592,D20
../train/Japan/images/Japan_005940.jpg,1,538,94,575,D10
../train/Japan/images/Japan_005940.jpg,6,492,117,506,D10
../train/Japan/images/Japan_005940.jpg,46,442,119,459,D10
../train/Japan/images/Japan_009911.jpg,143,480,213,504,D50
../train/Japan/images/Japan_002665.jpg,378,361,600,600,D20
../train/Japan/images/Japan_002665.jpg,480,427,539,461,D40
../train/Japan/images/Japan_002665.jpg,425,362,445,378,D40
../train/Japan/images/Japan_010298.jpg,347,431,600,580,D44
../train/Japan/images/Japan_010298.jpg,87,419,196,596,D20
../train/Japan/images/Japan_010357.jpg,286,417,343,540,D00
../train/Japan/images/Japan_001631.jpg,257,216,500,400,D20
../train/Japan/images/Japan_001631.jpg,1,305,250,417,D20
../train/Japan/images/Japan_001631.jpg,18,201,71,223,D50
../train/Japan/images/Japan_007958.jpg,46,355,203,585,D44
../train/Japan/images/Japan_007958.jpg,437,473,592,586,D44
../train/Japan/images/Japan_007958.jpg,23,443,586,593,D20
../train/Japan/images/Japan_007414.jpg,149,254,470,515,D20
../train/Japan/images/Japan_007414.jpg,83,310,168,329,D10
../train/Japan/images/Japan_004098.jpg,3,142,260,430,D44
../train/Japan/images/Japan_004098.jpg,224,341,264,466,D00
../train/Japan/images/Japan_004098.jpg,261,222,368,325,D00
../train/Japan/images/Japan_004098.jpg,113,299,244,348,D10
../train/Japan/images/Japan_004489.jpg,28,548,265,600,D20
../train/Japan/images/Japan_004489.jpg,155,309,315,412,D20
../train/Japan/images/Japan_002303.jpg,494,395,600,503,D44
../train/Japan/images/Japan_002303.jpg,200,346,413,600,D20
../train/Japan/images/Japan_009357.jpg,218,517,264,528,D50
../train/Japan/images/Japan_004404.jpg,5,439,600,504,D44
../train/Japan/images/Japan_004404.jpg,141,316,193,328,D50
../train/Japan/images/Japan_004404.jpg,328,363,372,420,D00
../train/Japan/images/Japan_008016.jpg,,,,,
../train/Japan/images/Japan_003834.jpg,369,224,600,300,D10
../train/Japan/images/Japan_003834.jpg,482,451,592,484,D10
../train/Japan/images/Japan_003834.jpg,342,130,518,164,D10
../train/Japan/images/Japan_007689.jpg,102,350,137,363,D50
../train/Japan/images/Japan_007689.jpg,130,281,164,291,D50
../train/Japan/images/Japan_010960.jpg,23,351,187,598,D44
../train/Japan/images/Japan_010960.jpg,244,401,443,592,D20
../train/Japan/images/Japan_010922.jpg,149,458,303,600,D20
../train/Japan/images/Japan_010922.jpg,133,300,278,456,D20
../train/Japan/images/Japan_002516.jpg,,,,,
../train/Japan/images/Japan_010992.jpg,241,426,600,600,D20
../train/Japan/images/Japan_010992.jpg,123,454,202,594,D20
../train/Japan/images/Japan_007531.jpg,16,334,598,538,D43
../train/Japan/images/Japan_007531.jpg,73,420,99,432,D50
../train/Japan/images/Japan_007531.jpg,21,341,68,357,D50
../train/Japan/images/Japan_007420.jpg,330,411,470,571,D00
../train/Japan/images/Japan_000067.jpg,429,339,568,449,D20
../train/Japan/images/Japan_000067.jpg,281,489,333,548,D00
../train/Japan/images/Japan_000067.jpg,254,300,284,369,D00
../train/Japan/images/Japan_000067.jpg,25,356,83,425,D00
../train/Japan/images/Japan_006003.jpg,6,467,264,582,D44
../train/Japan/images/Japan_007570.jpg,217,128,249,180,D00
../train/Japan/images/Japan_007570.jpg,245,291,563,335,D10
../train/Japan/images/Japan_007570.jpg,290,108,339,158,D00
../train/Japan/images/Japan_006667.jpg,238,501,292,598,D00
../train/Japan/images/Japan_006667.jpg,287,555,380,572,D10
../train/Japan/images/Japan_006667.jpg,363,539,457,596,D20
../train/Japan/images/Japan_001374.jpg,443,394,598,520,D20
../train/Japan/images/Japan_001374.jpg,1,257,214,494,D44
../train/Japan/images/Japan_001374.jpg,14,512,436,569,D10
../train/Japan/images/Japan_001374.jpg,303,477,410,508,D10
../train/Japan/images/Japan_007132.jpg,493,375,571,462,D00
../train/Japan/images/Japan_007132.jpg,393,205,563,361,D00
../train/Japan/images/Japan_007132.jpg,295,115,447,211,D00
../train/Japan/images/Japan_007132.jpg,178,193,306,225,D10
../train/Japan/images/Japan_004314.jpg,4,359,597,507,D43
../train/Japan/images/Japan_004314.jpg,427,450,561,499,D50
../train/Japan/images/Japan_004314.jpg,237,545,444,600,D50
../train/Japan/images/Japan_009951.jpg,273,369,600,600,D20
../train/Japan/images/Japan_001831.jpg,,,,,
../train/Japan/images/Japan_004739.jpg,1,292,91,435,D44
../train/Japan/images/Japan_004739.jpg,55,330,172,430,D20
../train/Japan/images/Japan_004739.jpg,128,441,264,495,D50
../train/Japan/images/Japan_004739.jpg,491,439,598,472,D10
../train/Japan/images/Japan_004739.jpg,303,372,373,406,D10
../train/Japan/images/Japan_004389.jpg,22,475,251,508,D10
../train/Japan/images/Japan_004389.jpg,121,494,145,532,D00
../train/Japan/images/Japan_007127.jpg,147,354,308,498,D20
../train/Japan/images/Japan_007127.jpg,154,75,241,167,D20
../train/Japan/images/Japan_007127.jpg,373,339,540,372,D10
../train/Japan/images/Japan_007127.jpg,409,289,536,315,D10
../train/Japan/images/Japan_007127.jpg,387,226,510,257,D10
../train/Japan/images/Japan_010576.jpg,313,400,520,589,D44
../train/Japan/images/Japan_010576.jpg,49,423,197,564,D44
../train/Japan/images/Japan_009484.jpg,227,154,535,370,D40
../train/Japan/images/Japan_009484.jpg,592,218,768,322,D40
../train/Japan/images/Japan_012751.jpg,,,,,
../train/Japan/images/Japan_004030.jpg,70,373,320,598,D44
../train/Japan/images/Japan_004030.jpg,222,474,286,570,D00
../train/Japan/images/Japan_004674.jpg,307,287,464,413,D44
../train/Japan/images/Japan_004674.jpg,12,423,221,444,D10
../train/Japan/images/Japan_004674.jpg,245,551,367,570,D10
../train/Japan/images/Japan_004674.jpg,214,574,378,600,D10
../train/Japan/images/Japan_004674.jpg,400,445,519,598,D20
../train/Japan/images/Japan_004674.jpg,462,508,524,526,D10
../train/Japan/images/Japan_001466.jpg,1,363,600,600,D20
../train/Japan/images/Japan_004247.jpg,40,497,106,538,D40
../train/Japan/images/Japan_004247.jpg,5,423,357,600,D20
../train/Japan/images/Japan_004247.jpg,272,361,356,412,D20
../train/Japan/images/Japan_004247.jpg,352,395,395,409,D50
../train/Japan/images/Japan_004247.jpg,381,562,440,600,D20
../train/Japan/images/Japan_004247.jpg,48,367,195,407,D20
../train/Japan/images/Japan_011356.jpg,439,403,526,505,D20
../train/Japan/images/Japan_011356.jpg,14,421,223,442,D10
../train/Japan/images/Japan_011356.jpg,236,422,265,462,D00
../train/Japan/images/Japan_011356.jpg,259,377,274,396,D00
../train/Japan/images/Japan_011356.jpg,308,424,389,445,D10
../train/Japan/images/Japan_011356.jpg,472,409,600,431,D10
../train/Japan/images/Japan_010013.jpg,1,389,151,528,D44
../train/Japan/images/Japan_010013.jpg,367,354,544,595,D44
../train/Japan/images/Japan_007513.jpg,102,473,166,504,D50
../train/Japan/images/Japan_007513.jpg,332,359,380,375,D50
../train/Japan/images/Japan_002951.jpg,418,245,516,449,D00
../train/Japan/images/Japan_002951.jpg,110,108,195,319,D00
../train/Japan/images/Japan_002951.jpg,120,376,518,465,D10
../train/Japan/images/Japan_012732.jpg,315,387,426,537,D44
../train/Japan/images/Japan_012732.jpg,324,466,384,495,D20
../train/Japan/images/Japan_000003.jpg,151,427,581,600,D20
../train/Japan/images/Japan_000003.jpg,2,493,53,581,D20
../train/Japan/images/Japan_004190.jpg,230,451,579,594,D20
../train/Japan/images/Japan_008237.jpg,5,8,188,247,D44
../train/Japan/images/Japan_008237.jpg,461,264,527,426,D00
../train/Japan/images/Japan_000551.jpg,217,387,329,431,D20
../train/Japan/images/Japan_000551.jpg,66,554,305,596,D10
../train/Japan/images/Japan_000801.jpg,460,418,591,515,D44
../train/Japan/images/Japan_012603.jpg,,,,,
../train/Japan/images/Japan_012577.jpg,,,,,
../train/Japan/images/Japan_002355.jpg,449,526,511,600,D44
../train/Japan/images/Japan_000115.jpg,,,,,
../train/Japan/images/Japan_010660.jpg,397,411,486,580,D44
../train/Japan/images/Japan_010855.jpg,153,497,202,543,D40
../train/Japan/images/Japan_010855.jpg,408,422,491,455,D50
../train/Japan/images/Japan_010855.jpg,218,334,275,349,D50
../train/Japan/images/Japan_011664.jpg,301,372,376,432,D20
../train/Japan/images/Japan_011664.jpg,417,459,564,600,D20
../train/Japan/images/Japan_011664.jpg,30,406,298,568,D20
../train/Japan/images/Japan_009296.jpg,360,395,600,600,D20
../train/Japan/images/Japan_009296.jpg,451,458,600,592,D44
../train/Japan/images/Japan_009296.jpg,28,367,251,600,D20
../train/Japan/images/Japan_009296.jpg,106,457,158,479,D50
../train/Japan/images/Japan_008363.jpg,232,459,267,467,D50
../train/Japan/images/Japan_001485.jpg,282,482,344,556,D00
../train/Japan/images/Japan_007102.jpg,403,412,469,469,D00
../train/Japan/images/Japan_002347.jpg,347,318,599,528,D44
../train/Japan/images/Japan_001479.jpg,136,355,358,456,D20
../train/Japan/images/Japan_001479.jpg,30,271,205,426,D44
../train/Japan/images/Japan_001479.jpg,345,340,492,537,D44
../train/Japan/images/Japan_001479.jpg,406,334,454,347,D50
../train/Japan/images/Japan_005681.jpg,486,141,574,166,D10
../train/Japan/images/Japan_005681.jpg,333,303,586,349,D10
../train/Japan/images/Japan_005681.jpg,458,198,599,262,D10
../train/Japan/images/Japan_007768.jpg,498,359,556,379,D50
../train/Japan/images/Japan_007768.jpg,40,456,314,526,D10
../train/Japan/images/Japan_007768.jpg,517,372,600,595,D44
../train/Japan/images/Japan_007768.jpg,327,444,598,504,D10
../train/Japan/images/Japan_007768.jpg,235,350,494,381,D10
../train/Japan/images/Japan_007768.jpg,348,421,598,445,D10
../train/Japan/images/Japan_007768.jpg,452,483,600,533,D10
../train/Japan/images/Japan_007768.jpg,354,373,493,461,D10
../train/Japan/images/Japan_004642.jpg,356,286,534,399,D20
../train/Japan/images/Japan_008890.jpg,1,397,204,596,D20
../train/Japan/images/Japan_008890.jpg,154,528,243,554,D10
../train/Japan/images/Japan_001969.jpg,336,430,541,600,D20
../train/Japan/images/Japan_001969.jpg,284,395,334,409,D50
../train/Japan/images/Japan_001985.jpg,293,35,351,76,D44
../train/Japan/images/Japan_001985.jpg,462,151,590,270,D20
../train/Japan/images/Japan_001985.jpg,571,299,594,339,D00
../train/Japan/images/Japan_001967.jpg,367,379,600,515,D20
../train/Japan/images/Japan_001967.jpg,124,460,221,600,D20
../train/Japan/images/Japan_004947.jpg,445,283,593,494,D00
../train/Japan/images/Japan_004947.jpg,8,126,135,288,D00
../train/Japan/images/Japan_005720.jpg,20,392,595,600,D20
../train/Japan/images/Japan_005720.jpg,438,459,592,576,D44
../train/Japan/images/Japan_005720.jpg,43,346,222,588,D44
../train/Japan/images/Japan_011169.jpg,429,400,485,430,D40
../train/Japan/images/Japan_011169.jpg,398,378,446,399,D40
../train/Japan/images/Japan_011601.jpg,,,,,
../train/Japan/images/Japan_002240.jpg,202,321,477,600,D20
../train/Japan/images/Japan_002240.jpg,422,342,450,356,D40
../train/Japan/images/Japan_011779.jpg,362,498,459,535,D50
../train/Japan/images/Japan_001060.jpg,10,459,600,598,D43
../train/Japan/images/Japan_001060.jpg,207,323,250,332,D50
../train/Japan/images/Japan_001060.jpg,235,350,378,388,D44
../train/Japan/images/Japan_000775.jpg,7,246,447,597,D20
../train/Japan/images/Japan_011657.jpg,345,384,371,456,D00
../train/Japan/images/Japan_004896.jpg,421,463,558,527,D00
../train/Japan/images/Japan_004896.jpg,404,395,452,429,D00
../train/Japan/images/Japan_004896.jpg,248,235,291,295,D00
../train/Japan/images/Japan_004896.jpg,95,363,212,588,D00
../train/Japan/images/Japan_005419.jpg,390,438,549,598,D44
../train/Japan/images/Japan_008280.jpg,301,480,327,499,D40
../train/Japan/images/Japan_008280.jpg,386,513,418,531,D40
../train/Japan/images/Japan_008280.jpg,234,424,381,522,D20
../train/Japan/images/Japan_008280.jpg,506,457,600,528,D20
../train/Japan/images/Japan_008280.jpg,150,417,167,463,D00
../train/Japan/images/Japan_008280.jpg,23,500,156,537,D20
../train/Japan/images/Japan_008280.jpg,283,353,340,402,D44
../train/Japan/images/Japan_008280.jpg,369,454,536,600,D44
../train/Japan/images/Japan_008280.jpg,151,382,167,407,D00
../train/Japan/images/Japan_011026.jpg,283,414,523,600,D44
../train/Japan/images/Japan_011026.jpg,452,532,538,552,D10
../train/Japan/images/Japan_007875.jpg,88,361,158,499,D00
../train/Japan/images/Japan_007875.jpg,167,213,196,274,D00
../train/Japan/images/Japan_007875.jpg,17,473,132,497,D10
../train/Japan/images/Japan_007875.jpg,1,268,65,283,D10
../train/Japan/images/Japan_007875.jpg,98,199,158,216,D10
../train/Japan/images/Japan_007875.jpg,183,259,508,295,D10
../train/Japan/images/Japan_009072.jpg,92,464,166,495,D40
../train/Japan/images/Japan_009072.jpg,162,509,311,556,D40
../train/Japan/images/Japan_001361.jpg,7,376,557,546,D43
../train/Japan/images/Japan_004225.jpg,1,251,211,472,D44
../train/Japan/images/Japan_004225.jpg,117,329,569,583,D20
../train/Japan/images/Japan_004225.jpg,494,489,600,566,D50
../train/Japan/images/Japan_004225.jpg,368,318,546,477,D44
../train/Japan/images/Japan_012313.jpg,0,240,369,550,D20
../train/Japan/images/Japan_001999.jpg,343,440,442,595,D44
../train/Japan/images/Japan_001999.jpg,109,393,208,482,D00
../train/Japan/images/Japan_001294.jpg,,,,,
../train/Japan/images/Japan_012820.jpg,315,282,481,313,D43
../train/Japan/images/Japan_012820.jpg,541,401,600,458,D00
../train/Japan/images/Japan_012820.jpg,138,480,249,531,D20
../train/Japan/images/Japan_012820.jpg,408,380,553,600,D20
../train/Japan/images/Japan_003696.jpg,378,412,600,569,D44
../train/Japan/images/Japan_010964.jpg,449,438,600,531,D20
../train/Japan/images/Japan_010964.jpg,40,376,375,599,D20
../train/Japan/images/Japan_004016.jpg,273,376,314,598,D00
../train/Japan/images/Japan_006512.jpg,358,327,600,563,D44
../train/Japan/images/Japan_006512.jpg,236,338,373,544,D44
../train/Japan/images/Japan_006512.jpg,375,437,434,467,D50
../train/Japan/images/Japan_006512.jpg,189,282,346,311,D43
../train/Japan/images/Japan_006512.jpg,347,502,384,586,D00
../train/Japan/images/Japan_002010.jpg,392,167,501,268,D44
../train/Japan/images/Japan_002010.jpg,1,124,243,342,D44
../train/Japan/images/Japan_002010.jpg,328,214,600,240,D10
../train/Japan/images/Japan_002010.jpg,42,273,201,421,D20
../train/Japan/images/Japan_002010.jpg,119,219,225,250,D10
../train/Japan/images/Japan_002010.jpg,146,312,596,348,D10
../train/Japan/images/Japan_002010.jpg,417,515,595,560,D10
../train/Japan/images/Japan_010504.jpg,223,31,366,240,D20
../train/Japan/images/Japan_009241.jpg,317,474,440,508,D50
../train/Japan/images/Japan_002799.jpg,125,323,575,600,D20
../train/Japan/images/Japan_004479.jpg,432,459,598,570,D44
../train/Japan/images/Japan_009898.jpg,381,433,583,598,D44
../train/Japan/images/Japan_006778.jpg,63,428,600,549,D43
../train/Japan/images/Japan_006778.jpg,344,460,415,475,D50
../train/Japan/images/Japan_006778.jpg,330,417,374,426,D50
../train/Japan/images/Japan_007351.jpg,322,454,366,474,D40
../train/Japan/images/Japan_007351.jpg,188,354,294,432,D44
../train/Japan/images/Japan_007351.jpg,2,412,166,537,D20
../train/Japan/images/Japan_007351.jpg,362,419,600,582,D20
../train/Japan/images/Japan_007351.jpg,444,377,547,482,D44
../train/Japan/images/Japan_007351.jpg,265,435,296,446,D40
../train/Japan/images/Japan_007351.jpg,262,444,346,470,D50
../train/Japan/images/Japan_007351.jpg,199,404,264,470,D20
../train/Japan/images/Japan_012186.jpg,,,,,
../train/Japan/images/Japan_002872.jpg,242,170,347,252,D44
../train/Japan/images/Japan_000487.jpg,422,350,600,485,D44
../train/Japan/images/Japan_010060.jpg,177,326,363,599,D20
../train/Japan/images/Japan_010060.jpg,382,329,598,600,D20
../train/Japan/images/Japan_012986.jpg,169,523,299,548,D10
../train/Japan/images/Japan_012986.jpg,190,457,238,468,D10
../train/Japan/images/Japan_012986.jpg,347,532,425,554,D10
../train/Japan/images/Japan_013022.jpg,335,351,558,565,D20
../train/Japan/images/Japan_011384.jpg,430,509,468,538,D40
../train/Japan/images/Japan_011384.jpg,472,427,503,442,D50
../train/Japan/images/Japan_011384.jpg,340,336,372,397,D44
../train/Japan/images/Japan_001098.jpg,258,432,299,459,D40
../train/Japan/images/Japan_001098.jpg,24,345,529,573,D20
../train/Japan/images/Japan_000474.jpg,,,,,
../train/Japan/images/Japan_012383.jpg,140,388,211,438,D00
../train/Japan/images/Japan_011217.jpg,464,526,525,555,D50
../train/Japan/images/Japan_011217.jpg,2,0,123,248,D20
../train/Japan/images/Japan_003014.jpg,12,370,429,600,D20
../train/Japan/images/Japan_008176.jpg,199,416,230,438,D50
../train/Japan/images/Japan_008176.jpg,8,240,534,407,D43
../train/Japan/images/Japan_008176.jpg,404,343,432,363,D50
../train/Japan/images/Japan_008176.jpg,2,431,151,487,D10
../train/Japan/images/Japan_008176.jpg,8,417,175,495,D10
../train/Japan/images/Japan_000506.jpg,415,300,600,552,D20
../train/Japan/images/Japan_006679.jpg,39,341,278,600,D20
../train/Japan/images/Japan_002648.jpg,228,210,278,222,D50
../train/Japan/images/Japan_002648.jpg,371,192,418,203,D50
../train/Japan/images/Japan_002648.jpg,538,372,588,393,D50
../train/Japan/images/Japan_002648.jpg,422,362,548,385,D10
../train/Japan/images/Japan_000886.jpg,373,432,600,600,D20
../train/Japan/images/Japan_007552.jpg,435,388,452,402,D40
../train/Japan/images/Japan_007552.jpg,330,320,362,336,D40
../train/Japan/images/Japan_007552.jpg,359,328,390,348,D40
../train/Japan/images/Japan_006441.jpg,44,212,186,420,D00
../train/Japan/images/Japan_006441.jpg,138,149,209,219,D00
../train/Japan/images/Japan_006441.jpg,232,129,285,186,D00
../train/Japan/images/Japan_005533.jpg,488,382,600,421,D10
../train/Japan/images/Japan_005533.jpg,462,329,554,341,D10
../train/Japan/images/Japan_005533.jpg,541,308,598,339,D20
../train/Japan/images/Japan_006355.jpg,148,319,209,337,D50
../train/Japan/images/Japan_006355.jpg,256,338,312,354,D50
../train/Japan/images/Japan_001779.jpg,1,427,314,600,D20
../train/Japan/images/Japan_001779.jpg,279,450,356,479,D50
../train/Japan/images/Japan_010015.jpg,345,322,600,542,D44
../train/Japan/images/Japan_010015.jpg,173,465,254,516,D20
../train/Japan/images/Japan_010015.jpg,245,461,331,485,D50
../train/Japan/images/Japan_010015.jpg,381,376,435,387,D50
../train/Japan/images/Japan_012378.jpg,275,458,358,585,D00
../train/Japan/images/Japan_012378.jpg,46,480,88,494,D50
../train/Japan/images/Japan_000283.jpg,,,,,
../train/Japan/images/Japan_000105.jpg,292,421,373,447,D50
../train/Japan/images/Japan_000105.jpg,466,450,540,479,D10
../train/Japan/images/Japan_000105.jpg,177,449,222,570,D00
../train/Japan/images/Japan_000105.jpg,128,546,161,599,D00
../train/Japan/images/Japan_001494.jpg,14,492,267,599,D20
../train/Japan/images/Japan_001494.jpg,329,477,421,548,D20
../train/Japan/images/Japan_001494.jpg,415,490,600,521,D10
../train/Japan/images/Japan_001494.jpg,403,550,448,595,D00
../train/Japan/images/Japan_001495.jpg,339,342,366,381,D44
../train/Japan/images/Japan_001495.jpg,1,336,239,498,D44
../train/Japan/images/Japan_001495.jpg,368,462,442,597,D44
../train/Japan/images/Japan_001495.jpg,241,381,291,396,D50
../train/Japan/images/Japan_001495.jpg,370,400,391,411,D50
../train/Japan/images/Japan_001495.jpg,50,354,92,368,D50
../train/Japan/images/Japan_002563.jpg,345,286,600,495,D44
../train/Japan/images/Japan_012789.jpg,355,407,419,441,D40
../train/Japan/images/Japan_012789.jpg,363,477,482,542,D50
../train/Japan/images/Japan_012789.jpg,321,346,600,598,D20
../train/Japan/images/Japan_012789.jpg,223,366,293,384,D10
../train/Japan/images/Japan_012789.jpg,106,462,305,489,D10
../train/Japan/images/Japan_012789.jpg,165,524,352,557,D10
../train/Japan/images/Japan_006469.jpg,67,392,492,596,D20
../train/Japan/images/Japan_010654.jpg,156,467,225,538,D00
../train/Japan/images/Japan_003426.jpg,204,468,477,600,D20
../train/Japan/images/Japan_003426.jpg,170,355,226,373,D50
../train/Japan/images/Japan_003426.jpg,322,322,451,427,D20
../train/Japan/images/Japan_009879.jpg,,,,,
../train/Japan/images/Japan_000493.jpg,34,296,203,472,D44
../train/Japan/images/Japan_000493.jpg,1,497,85,553,D50
../train/Japan/images/Japan_009993.jpg,250,434,599,595,D20
../train/Japan/images/Japan_009993.jpg,414,367,595,433,D20
../train/Japan/images/Japan_011086.jpg,77,563,137,600,D40
../train/Japan/images/Japan_011086.jpg,380,454,412,482,D40
../train/Japan/images/Japan_011086.jpg,386,401,466,589,D20
../train/Japan/images/Japan_011086.jpg,115,363,265,471,D20
../train/Japan/images/Japan_011086.jpg,231,514,273,575,D00
../train/Japan/images/Japan_006233.jpg,297,450,385,530,D44
../train/Japan/images/Japan_010219.jpg,307,276,476,383,D40
../train/Japan/images/Japan_010219.jpg,545,293,702,388,D40
../train/Japan/images/Japan_010219.jpg,1,234,1024,809,D20
../train/Japan/images/Japan_003513.jpg,300,457,330,478,D40
../train/Japan/images/Japan_003513.jpg,306,509,326,550,D40
../train/Japan/images/Japan_003513.jpg,150,385,426,595,D20
../train/Japan/images/Japan_003513.jpg,238,350,288,367,D50
../train/Japan/images/Japan_006582.jpg,346,358,403,371,D50
../train/Japan/images/Japan_010748.jpg,163,192,600,359,D43
../train/Japan/images/Japan_010748.jpg,477,237,572,275,D50
../train/Japan/images/Japan_002274.jpg,281,339,311,598,D00
../train/Japan/images/Japan_007246.jpg,508,253,598,346,D00
../train/Japan/images/Japan_007246.jpg,421,322,596,370,D10
../train/Japan/images/Japan_011155.jpg,172,368,368,593,D20
../train/Japan/images/Japan_011155.jpg,430,339,536,388,D20
../train/Japan/images/Japan_011155.jpg,483,442,506,475,D20
../train/Japan/images/Japan_010174.jpg,364,364,595,595,D20
../train/Japan/images/Japan_007118.jpg,319,349,464,590,D44
../train/Japan/images/Japan_007118.jpg,262,413,280,452,D00
../train/Japan/images/Japan_008950.jpg,472,456,600,482,D10
../train/Japan/images/Japan_012226.jpg,566,798,627,834,D40
../train/Japan/images/Japan_012226.jpg,971,665,1022,699,D40
../train/Japan/images/Japan_012226.jpg,263,775,753,1080,D20
../train/Japan/images/Japan_003624.jpg,178,22,540,540,D20
../train/Japan/images/Japan_011623.jpg,286,430,331,459,D40
../train/Japan/images/Japan_011623.jpg,532,473,576,515,D40
../train/Japan/images/Japan_008905.jpg,33,447,597,558,D43
../train/Japan/images/Japan_002214.jpg,95,364,600,600,D20
../train/Japan/images/Japan_012152.jpg,1,363,579,600,D20
../train/Japan/images/Japan_011395.jpg,56,401,358,600,D20
../train/Japan/images/Japan_011395.jpg,319,366,406,404,D20
../train/Japan/images/Japan_001679.jpg,255,355,554,425,D20
../train/Japan/images/Japan_001679.jpg,565,388,600,418,D50
../train/Japan/images/Japan_000005.jpg,337,397,490,544,D44
../train/Japan/images/Japan_000005.jpg,332,378,423,400,D43
../train/Japan/images/Japan_009705.jpg,153,374,600,600,D20
../train/Japan/images/Japan_009705.jpg,359,324,397,334,D50
../train/Japan/images/Japan_001239.jpg,454,423,505,481,D00
../train/Japan/images/Japan_001239.jpg,14,562,141,584,D10
../train/Japan/images/Japan_009220.jpg,1,334,189,599,D20
../train/Japan/images/Japan_009220.jpg,259,339,384,437,D20
../train/Japan/images/Japan_009220.jpg,470,409,600,586,D20
../train/Japan/images/Japan_000840.jpg,199,561,236,592,D40
../train/Japan/images/Japan_000840.jpg,20,542,49,565,D40
../train/Japan/images/Japan_000840.jpg,92,543,198,582,D50
../train/Japan/images/Japan_000840.jpg,536,454,581,465,D50
../train/Japan/images/Japan_008556.jpg,,,,,
../train/Japan/images/Japan_010636.jpg,221,441,289,477,D40
../train/Japan/images/Japan_010636.jpg,18,339,600,600,D20
../train/Japan/images/Japan_010636.jpg,71,566,108,592,D40
../train/Japan/images/Japan_010636.jpg,557,441,600,464,D50
../train/Japan/images/Japan_008159.jpg,141,502,199,528,D40
../train/Japan/images/Japan_008159.jpg,393,339,599,592,D20
../train/Japan/images/Japan_008159.jpg,263,566,395,589,D10
../train/Japan/images/Japan_007640.jpg,347,558,449,595,D00
../train/Japan/images/Japan_007640.jpg,419,486,600,549,D20
../train/Japan/images/Japan_004125.jpg,2,519,600,567,D44
../train/Japan/images/Japan_004125.jpg,122,396,599,438,D43
../train/Japan/images/Japan_011238.jpg,1,300,192,600,D44
../train/Japan/images/Japan_011238.jpg,433,366,600,464,D00
../train/Japan/images/Japan_011238.jpg,110,384,201,600,D00
../train/Japan/images/Japan_011238.jpg,287,374,421,539,D00
../train/Japan/images/Japan_007500.jpg,126,78,540,473,D20
../train/Japan/images/Japan_007500.jpg,6,362,133,394,D10
../train/Japan/images/Japan_005810.jpg,2,387,487,600,D20
../train/Japan/images/Japan_003672.jpg,390,440,525,560,D44
../train/Japan/images/Japan_008566.jpg,473,264,513,367,D00
../train/Japan/images/Japan_008566.jpg,478,374,582,487,D00
../train/Japan/images/Japan_008566.jpg,308,252,465,286,D10
../train/Japan/images/Japan_008566.jpg,357,370,471,407,D10
../train/Japan/images/Japan_008566.jpg,202,163,600,198,D10
../train/Japan/images/Japan_011720.jpg,7,350,491,424,D10
../train/Japan/images/Japan_011720.jpg,73,388,139,463,D00
../train/Japan/images/Japan_011720.jpg,567,167,600,182,D50
../train/Japan/images/Japan_002513.jpg,374,422,427,485,D00
../train/Japan/images/Japan_002934.jpg,242,310,268,362,D00
../train/Japan/images/Japan_002934.jpg,532,416,598,451,D10
../train/Japan/images/Japan_002934.jpg,6,538,282,590,D10
../train/Japan/images/Japan_002934.jpg,532,416,598,451,D00
../train/Japan/images/Japan_002934.jpg,185,454,600,541,D10
../train/Japan/images/Japan_002934.jpg,407,373,599,394,D10
../train/Japan/images/Japan_002934.jpg,91,352,371,385,D10
../train/Japan/images/Japan_002934.jpg,5,360,97,380,D10
../train/Japan/images/Japan_002934.jpg,379,370,483,464,D00
../train/Japan/images/Japan_002934.jpg,4,384,120,530,D00
../train/Japan/images/Japan_009775.jpg,316,555,445,575,D10
../train/Japan/images/Japan_010657.jpg,208,327,591,591,D20
../train/Japan/images/Japan_010657.jpg,92,456,130,535,D00
../train/Japan/images/Japan_010657.jpg,210,381,271,395,D10
../train/Japan/images/Japan_010657.jpg,201,455,287,475,D10
../train/Japan/images/Japan_010657.jpg,185,325,263,346,D10
../train/Japan/images/Japan_011796.jpg,163,447,491,542,D20
../train/Japan/images/Japan_011796.jpg,82,374,221,592,D44
../train/Japan/images/Japan_001117.jpg,474,132,556,172,D40
../train/Japan/images/Japan_011109.jpg,1,376,584,600,D20
../train/Japan/images/Japan_009027.jpg,364,465,428,561,D44
../train/Japan/images/Japan_003506.jpg,356,336,509,583,D44
../train/Japan/images/Japan_003506.jpg,471,372,534,390,D50
../train/Japan/images/Japan_003506.jpg,398,480,421,522,D00
../train/Japan/images/Japan_003506.jpg,432,489,453,538,D00
../train/Japan/images/Japan_005361.jpg,360,381,400,416,D00
../train/Japan/images/Japan_005173.jpg,249,97,419,473,D44
../train/Japan/images/Japan_005173.jpg,435,139,600,524,D20
../train/Japan/images/Japan_005173.jpg,336,397,439,417,D10
../train/Japan/images/Japan_009271.jpg,99,552,261,599,D50
../train/Japan/images/Japan_009271.jpg,143,409,386,431,D10
../train/Japan/images/Japan_007823.jpg,447,474,600,494,D10
../train/Japan/images/Japan_007823.jpg,539,396,600,435,D00
../train/Japan/images/Japan_007823.jpg,115,462,326,485,D10
../train/Japan/images/Japan_007823.jpg,385,392,402,420,D00
../train/Japan/images/Japan_007823.jpg,266,407,373,592,D00
../train/Japan/images/Japan_007098.jpg,16,413,600,571,D43
../train/Japan/images/Japan_000748.jpg,404,347,600,515,D44
../train/Japan/images/Japan_000748.jpg,264,372,313,475,D00
../train/Japan/images/Japan_000748.jpg,1,264,198,510,D44
../train/Japan/images/Japan_000748.jpg,128,425,177,542,D00
../train/Japan/images/Japan_006385.jpg,1,413,291,596,D20
../train/Japan/images/Japan_012415.jpg,103,294,378,411,D20
../train/Japan/images/Japan_012415.jpg,450,356,600,503,D20
../train/Japan/images/Japan_007050.jpg,260,441,294,486,D00
../train/Japan/images/Japan_006675.jpg,224,324,581,544,D20
../train/Japan/images/Japan_006675.jpg,445,471,600,546,D40
../train/Japan/images/Japan_003609.jpg,198,252,502,500,D44
../train/Japan/images/Japan_003609.jpg,466,522,600,579,D20
../train/Japan/images/Japan_006290.jpg,60,379,119,396,D50
../train/Japan/images/Japan_006290.jpg,159,393,229,411,D50
../train/Japan/images/Japan_006234.jpg,,,,,
../train/Japan/images/Japan_010723.jpg,162,479,600,574,D20
../train/Japan/images/Japan_010723.jpg,501,425,598,444,D10
../train/Japan/images/Japan_010723.jpg,57,519,167,537,D10
../train/Japan/images/Japan_004667.jpg,224,334,405,591,D20
../train/Japan/images/Japan_004667.jpg,319,446,368,524,D40
../train/Japan/images/Japan_004667.jpg,435,401,553,509,D20
../train/Japan/images/Japan_001524.jpg,98,365,140,386,D40
../train/Japan/images/Japan_001524.jpg,1,321,187,550,D20
../train/Japan/images/Japan_001524.jpg,187,344,433,554,D20
../train/Japan/images/Japan_001524.jpg,251,284,285,331,D00
../train/Japan/images/Japan_001524.jpg,154,260,190,327,D00
../train/Japan/images/Japan_001505.jpg,379,405,544,576,D44
../train/Japan/images/Japan_001875.jpg,42,453,110,474,D50
../train/Japan/images/Japan_004119.jpg,272,393,312,482,D00
../train/Japan/images/Japan_004119.jpg,312,546,481,598,D50
../train/Japan/images/Japan_002512.jpg,385,366,600,553,D20
../train/Japan/images/Japan_005209.jpg,330,493,385,600,D00
../train/Japan/images/Japan_005209.jpg,443,434,536,519,D00
../train/Japan/images/Japan_005209.jpg,1,356,199,468,D44
../train/Japan/images/Japan_000666.jpg,390,404,554,600,D44
../train/Japan/images/Japan_000666.jpg,286,248,344,317,D44
../train/Japan/images/Japan_000666.jpg,288,408,353,437,D40
../train/Japan/images/Japan_000666.jpg,423,381,572,440,D40
../train/Japan/images/Japan_003351.jpg,236,279,600,600,D44
../train/Japan/images/Japan_004254.jpg,363,407,401,524,D00
../train/Japan/images/Japan_000106.jpg,373,446,452,524,D44
../train/Japan/images/Japan_004821.jpg,,,,,
../train/Japan/images/Japan_009928.jpg,465,304,559,375,D40
../train/Japan/images/Japan_005680.jpg,1,395,279,600,D20
../train/Japan/images/Japan_003777.jpg,87,314,226,432,D20
../train/Japan/images/Japan_003777.jpg,490,305,571,333,D50
../train/Japan/images/Japan_009751.jpg,269,398,600,498,D20
../train/Japan/images/Japan_009751.jpg,153,514,284,579,D50
../train/Japan/images/Japan_009751.jpg,3,396,53,426,D50
../train/Japan/images/Japan_004858.jpg,38,97,498,472,D44
../train/Japan/images/Japan_004858.jpg,1,111,451,444,D20
../train/Japan/images/Japan_004858.jpg,471,243,600,365,D00
../train/Japan/images/Japan_008486.jpg,227,374,257,384,D50
../train/Japan/images/Japan_001243.jpg,503,397,580,426,D50
../train/Japan/images/Japan_001243.jpg,139,350,192,363,D50
../train/Japan/images/Japan_001243.jpg,59,443,123,478,D20
../train/Japan/images/Japan_007271.jpg,385,127,594,315,D20
../train/Japan/images/Japan_007271.jpg,394,127,600,372,D44
../train/Japan/images/Japan_007271.jpg,179,59,252,105,D20
../train/Japan/images/Japan_007271.jpg,318,73,421,203,D00
../train/Japan/images/Japan_007271.jpg,263,194,349,215,D10
../train/Japan/images/Japan_007271.jpg,318,73,421,203,D20
../train/Japan/images/Japan_007271.jpg,173,168,240,230,D20
../train/Japan/images/Japan_007271.jpg,241,296,385,330,D10
../train/Japan/images/Japan_007271.jpg,163,330,231,468,D00
../train/Japan/images/Japan_007271.jpg,49,171,151,274,D20
../train/Japan/images/Japan_009359.jpg,213,346,600,593,D20
../train/Japan/images/Japan_001888.jpg,458,424,502,444,D40
../train/Japan/images/Japan_001888.jpg,345,447,524,600,D20
../train/Japan/images/Japan_001888.jpg,467,371,517,389,D50
../train/Japan/images/Japan_010759.jpg,209,420,355,465,D50
../train/Japan/images/Japan_010759.jpg,258,348,337,365,D50
../train/Japan/images/Japan_010759.jpg,146,478,231,511,D10
../train/Japan/images/Japan_010759.jpg,90,432,177,456,D10
../train/Japan/images/Japan_010759.jpg,47,520,118,559,D10
../train/Japan/images/Japan_007080.jpg,392,459,491,511,D50
../train/Japan/images/Japan_007080.jpg,245,560,311,594,D40
../train/Japan/images/Japan_007080.jpg,436,389,461,470,D00
../train/Japan/images/Japan_007080.jpg,372,501,467,600,D20
../train/Japan/images/Japan_002338.jpg,378,470,475,519,D20
../train/Japan/images/Japan_002338.jpg,502,439,549,448,D50
../train/Japan/images/Japan_002321.jpg,4,358,600,562,D43
../train/Japan/images/Japan_002321.jpg,294,323,317,399,D00
../train/Japan/images/Japan_008561.jpg,311,421,448,520,D44
../train/Japan/images/Japan_008561.jpg,435,499,547,525,D10
../train/Japan/images/Japan_001821.jpg,119,375,192,390,D10
../train/Japan/images/Japan_003082.jpg,432,445,550,467,D10
../train/Japan/images/Japan_003082.jpg,120,541,272,567,D10
../train/Japan/images/Japan_005499.jpg,145,403,470,554,D20
../train/Japan/images/Japan_005499.jpg,4,534,598,600,D43
../train/Japan/images/Japan_005499.jpg,421,372,600,464,D20
../train/Japan/images/Japan_012290.jpg,394,212,583,305,D40
../train/Japan/images/Japan_000602.jpg,1,261,196,491,D44
../train/Japan/images/Japan_000602.jpg,290,251,600,449,D44
../train/Japan/images/Japan_000602.jpg,216,333,575,600,D20
../train/Japan/images/Japan_000602.jpg,184,418,303,470,D50
../train/Japan/images/Japan_004942.jpg,304,350,600,600,D44
../train/Japan/images/Japan_004942.jpg,144,453,187,522,D00
../train/Japan/images/Japan_004942.jpg,179,335,225,425,D00
../train/Japan/images/Japan_004942.jpg,66,524,122,597,D00
../train/Japan/images/Japan_004942.jpg,1,517,55,539,D00
../train/Japan/images/Japan_004942.jpg,134,458,161,472,D50
../train/Japan/images/Japan_004942.jpg,351,363,426,414,D00
../train/Japan/images/Japan_004942.jpg,507,473,563,517,D00
../train/Japan/images/Japan_009559.jpg,265,555,342,600,D40
../train/Japan/images/Japan_009559.jpg,237,416,320,534,D40
../train/Japan/images/Japan_009559.jpg,373,435,600,598,D20
../train/Japan/images/Japan_006509.jpg,261,387,312,411,D40
../train/Japan/images/Japan_006509.jpg,164,486,530,565,D20
../train/Japan/images/Japan_006509.jpg,214,402,435,448,D20
../train/Japan/images/Japan_006509.jpg,225,390,245,400,D50
../train/Japan/images/Japan_012570.jpg,,,,,
../train/Japan/images/Japan_005581.jpg,8,432,600,600,D43
../train/Japan/images/Japan_006616.jpg,235,546,360,595,D40
../train/Japan/images/Japan_006616.jpg,55,465,204,600,D44
../train/Japan/images/Japan_001974.jpg,108,295,412,574,D44
../train/Japan/images/Japan_001974.jpg,416,355,569,410,D50
../train/Japan/images/Japan_001974.jpg,513,185,562,197,D50
../train/Japan/images/Japan_001974.jpg,482,248,509,257,D50
../train/Japan/images/Japan_001974.jpg,273,339,450,417,D20
../train/Japan/images/Japan_001974.jpg,262,203,312,214,D50
../train/Japan/images/Japan_006725.jpg,421,461,600,596,D44
../train/Japan/images/Japan_006725.jpg,259,349,478,600,D20
../train/Japan/images/Japan_010786.jpg,70,365,600,600,D44
../train/Japan/images/Japan_010713.jpg,53,72,403,529,D44
../train/Japan/images/Japan_010713.jpg,360,120,425,295,D00
../train/Japan/images/Japan_010713.jpg,398,279,540,327,D00
../train/Japan/images/Japan_000219.jpg,335,283,586,583,D44
../train/Japan/images/Japan_000219.jpg,1,363,206,600,D20
